Julian Day,Ross,King Hakon,East Antarctica,Weddell,Bellinghausen
1,3.36529651139181,2.79233185476913,1.29798957090342,3.01674664984874,0.70337169520454
2,3.31252123712088,2.64947458422646,1.2775127784545,2.99783510497957,0.694790925983279
3,3.2529283197845,2.51775852798097,1.25062796131891,2.97328627521324,0.686998788937663
4,3.1951041443562,2.34966841002968,1.23702289898688,2.94567810511124,0.68026737628069
5,3.13798475070467,2.19157928937218,1.21296757573947,2.91346857910998,0.674447002720751
6,3.08668257419153,2.04616122752034,1.17978366912327,2.88437435976893,0.66851984327828
7,3.03234636928677,1.91202460330312,1.15564016911445,2.85788129856257,0.657885393086029
8,2.97974860447856,1.79846893107471,1.13792129653197,2.82937790537874,0.649035942124261
9,2.93773242860719,1.68536477299584,1.11596869972723,2.8030249234072,0.641199935262539
10,2.88155934503391,1.58103779647322,1.09243733301142,2.76290939571812,0.63106619911627
11,2.82868030822077,1.4765320136035,1.0756848656678,2.72035655693091,0.620035657635834
12,2.7761425302929,1.3914886214448,1.0504389163304,2.68990377748885,0.60835572397246
13,2.71404139991818,1.3110257946378,1.03155295433248,2.65048050690087,0.597653244769292
14,2.66195791962584,1.20875473868372,1.01388774792452,2.60523592615205,0.592099936022534
15,2.61195483941144,1.11183789074737,1.00183851368959,2.56321622523475,0.583390815799209
16,2.55832692096385,1.046607733492,0.986185222365661,2.53222702060454,0.572391875456296
17,2.50613626949531,0.977299382679098,0.974488782057426,2.48139733957899,0.562900413483302
18,2.44069251506143,0.906708559923453,0.968685888520863,2.43507661611486,0.552156396085286
19,2.39099140930164,0.839658160135894,0.953870158806032,2.39227728518678,0.537930354275538
20,2.33702201257319,0.779256727794898,0.934626016864845,2.3450805366745,0.528955905269033
21,2.28344931862779,0.731489181089285,0.922596942633241,2.30313867709006,0.521363136089038
22,2.23470062835843,0.694209310270328,0.903800004102636,2.2581902259608,0.510580224190162
23,2.16914194652802,0.656568041656269,0.893280675555053,2.21005689614591,0.501310890938282
24,2.1144685600067,0.627251936263807,0.880512262355664,2.1562624626414,0.495838855379487
25,2.06757652980947,0.60194387602331,0.867655643189729,2.1211376515686,0.489083526350061
26,2.00832335405514,0.572575578558715,0.855135607411839,2.0828665729817,0.484949088757312
27,1.94943449577112,0.552198626249032,0.835209562418293,2.0364642194922,0.478697094304655
28,1.89809595063214,0.531080591746318,0.824655106177859,1.99332494641067,0.473476308150661
29,1.84849589916159,0.513996199633282,0.81578362762673,1.95321161044946,0.466635616599528
30,1.79287241357672,0.496276321230327,0.801083658968818,1.91691711184801,0.464278681787889
31,1.74252913238034,0.482773242313684,0.78887120148581,1.8812950876384,0.458848659122947
32,1.70179188025317,0.467429096814957,0.770198697438137,1.85083479895641,0.452199139537336
33,1.65262659090985,0.445061811417516,0.75616801578541,1.81266095684558,0.446700109865177
34,1.60550692788513,0.432283459521829,0.749642130777895,1.78511573787138,0.437014576884944
35,1.5638737217854,0.408717464222942,0.739675691099261,1.75233958964327,0.434356445366774
36,1.51747077596034,0.393546418502793,0.726067328728912,1.7327362574649,0.427365442460698
37,1.47628593123217,0.379643420965944,0.714810470716325,1.70504113053985,0.423293589898656
38,1.43832622573354,0.367561361039914,0.709208890346999,1.67820000922813,0.417725758357307
39,1.40343396183147,0.357410096311886,0.694312440367669,1.65642159036111,0.40797637289257
40,1.36194478055067,0.345639788979612,0.681374782966226,1.63062492383336,0.398786876728954
41,1.32731655796521,0.337885892039307,0.674030938065182,1.60620899794409,0.391528469868565
42,1.29957529666534,0.332347131075326,0.661989688681365,1.5805325642044,0.384133031844156
43,1.27459450583231,0.325015936250769,0.651335011801286,1.55880894902527,0.374911731090361
44,1.24371867829002,0.318627590709034,0.639887655220691,1.53644684562629,0.370775256448081
45,1.21068383285967,0.310990319573911,0.634523525148035,1.52304030108301,0.365154227394194
46,1.18780232890298,0.305663091770095,0.630226546410099,1.5040996144066,0.360080692333762
47,1.15429512217762,0.293639803206366,0.619305738463771,1.48563822789961,0.35554528807617
48,1.12379446080412,0.280120695466653,0.610227778431581,1.46032162983147,0.351324754877942
49,1.09156670202917,0.267767388568832,0.600365914546643,1.43995715476357,0.342620562503545
50,1.06735363608513,0.256968712407434,0.592629631081467,1.41606630161349,0.334078170930127
51,1.05264518618176,0.249474287716592,0.584021861329318,1.40020429800591,0.326489210884072
52,1.03319977657669,0.241569604763953,0.57361649407683,1.38793195771825,0.317605766981931
53,1.01201691758551,0.237052407174976,0.564891745187071,1.37040935446188,0.310655990825854
54,0.99224341979116,0.236543244681109,0.55676685315468,1.35397155737606,0.305675324644049
55,0.966310397459583,0.226538423680795,0.551009403671,1.34438121243231,0.297108378991607
56,0.940549724296749,0.221668881344615,0.540841934521723,1.32977736225766,0.288027574226313
57,0.927611272643007,0.218514034324904,0.536830106180588,1.32066362496619,0.281985488944133
58,0.90771252408094,0.212702521604751,0.528857450308365,1.30560013307065,0.277470600817644
59,0.893650973222998,0.210034301917074,0.518622948509921,1.2996036179217,0.274936432251832
60,0.881456965674697,0.208918125431523,0.510779646515662,1.28859223058801,0.26611668814305
61,0.868842620720332,0.205124393642873,0.507932046699501,1.28030728449992,0.264686334613847
62,0.86457065123888,0.202225839883835,0.497721528934847,1.26879943874428,0.260146519021685
63,0.860069043276449,0.193452363609419,0.492102336345623,1.25739069158968,0.257657199002359
64,0.856250109359386,0.187932916443931,0.485841958224904,1.24929811073072,0.25572050377047
65,0.853634673342168,0.185391654454323,0.483076710515605,1.24401237858087,0.251596399401147
66,0.850617100215802,0.186627722522783,0.475099737754742,1.2404394733984,0.251444770814156
67,0.849567982830537,0.181744322040503,0.470344302876693,1.237038929822,0.249563178842029
68,0.850764310476625,0.180398152093991,0.463744549464865,1.24432775891653,0.24569116563623
69,0.852873487573023,0.175238056589757,0.463867907603865,1.24548074018311,0.240181059756126
70,0.856723959453303,0.173788858086376,0.466220815582823,1.25300093932186,0.235019376967404
71,0.859051516713019,0.169924223394307,0.466080658678289,1.25448393220201,0.234308028306496
72,0.853561393493024,0.167944870973459,0.469030893419373,1.25834650718899,0.240326170101625
73,0.86176882112141,0.170413089249011,0.470512680199532,1.25732559985793,0.233977563983886
74,0.873122541390847,0.169876029137036,0.465266071300365,1.26102840018119,0.230621892402321
75,0.904688561463398,0.16805603066484,0.465976373915663,1.25854031729404,0.23315372577971
76,0.936972828692971,0.164734337630598,0.473457830871073,1.26475344258759,0.235906603276593
77,0.965359173566408,0.167313329887916,0.478855081958719,1.27188487291535,0.232399932671604
78,0.996675342612146,0.16623913153706,0.486400284466468,1.28230671001009,0.232014649315415
79,1.02231167057499,0.175579450993911,0.497429528870858,1.29646577432958,0.234192930113005
80,1.04476367937156,0.177143625957248,0.508946212872652,1.30021177627964,0.233203234107138
81,1.06670330706643,0.177254651052903,0.514771596862865,1.31280498248542,0.231895991591201
82,1.08918865252376,0.178889131507348,0.527027544590601,1.32412401333217,0.234194089693178
83,1.11896438063785,0.181573350995065,0.539362129767303,1.32888631430139,0.240526854533686
84,1.15579873064452,0.186292847010072,0.559976793427576,1.32842569402149,0.248037188955164
85,1.18623499784957,0.190959851275154,0.579027199218537,1.33622292677021,0.254532686180644
86,1.21308517940972,0.191570257205208,0.603371788990531,1.35775711372582,0.258204718374595
87,1.24326219204667,0.19173001718224,0.623589632154204,1.38449589757711,0.262024944333894
88,1.29680097300473,0.195334613010148,0.644899922208284,1.40011043754672,0.266785826347766
89,1.34966133014795,0.198926282956787,0.661720087881488,1.42174104168103,0.272825814273913
90,1.38492945821802,0.209603207228694,0.67015912634188,1.43970971638054,0.271055764830868
91,1.41652258948162,0.218032000897692,0.681813543237356,1.45853825518071,0.269525829379087
92,1.45429135643202,0.230345507015645,0.697915297641578,1.47612895708966,0.276614494997567
93,1.48256927500419,0.242889027280511,0.716439002371507,1.49082521305906,0.284963469284731
94,1.50953272061326,0.24981748248511,0.724596626464717,1.50850348336465,0.295430370131085
95,1.54157255064624,0.265327417479633,0.731687885732745,1.52557649942654,0.310960171832489
96,1.57282401630772,0.278848520634553,0.743993829061266,1.54792111454754,0.317689316272457
97,1.60694962424554,0.292029621096795,0.761193283336149,1.56036305902718,0.323425009117863
98,1.63724973328523,0.304443009124654,0.780631715165546,1.57952636699202,0.33002068025608
99,1.67452516679081,0.31637716810402,0.796618572309548,1.60486382378805,0.337319793536986
100,1.71589644785465,0.331339947133807,0.814155198713697,1.62429464972644,0.337184159630235
101,1.7465247834292,0.342795867170242,0.829796840881458,1.64809582987431,0.342159815762439
102,1.77227478092004,0.351920858076374,0.849594516114748,1.66769104808378,0.350955386981525
103,1.81473101457575,0.36343245095551,0.863210856925759,1.68781700024863,0.360978812000236
104,1.85461808719456,0.368105782744321,0.877449194481875,1.70536494716502,0.369585312178931
105,1.88878798960218,0.378106093043019,0.886576773166607,1.72021671451363,0.377678942792206
106,1.92424081637411,0.398840267721322,0.90326264415823,1.74002376707959,0.380433532078511
107,1.95648611458991,0.413304608614984,0.917324185059747,1.76328107313129,0.378255333957016
108,1.9865178797451,0.424903355145884,0.925949003988791,1.79073564656238,0.379850825381378
109,2.02601761072962,0.431324666683178,0.947410844553055,1.82475411936346,0.377168677258915
110,2.06038952793987,0.441422475075891,0.974018375194779,1.8465332917619,0.374027669439328
111,2.0903259853753,0.462504971351259,0.989892084594493,1.87375771870371,0.37260685438701
112,2.12952440192942,0.484745483086417,1.00675508411291,1.90020841048122,0.378297045801799
113,2.15819676510627,0.49875593328282,1.03147065482668,1.9234040421917,0.389459657239586
114,2.19797046840429,0.519689477039457,1.05240014249812,1.94913754735729,0.397447815347898
115,2.22919108272251,0.546176168601232,1.06463767260717,1.96724916017503,0.404116552776414
116,2.26359183415666,0.574364757725902,1.08362502963826,1.99002589848816,0.413173054814552
117,2.30201602029078,0.599211922301533,1.09782539068107,2.00886693902599,0.420601955171222
118,2.336455982536,0.6204060936753,1.12378900423619,2.02667107844789,0.422631983045798
119,2.37756068869334,0.636252588739971,1.14694865769525,2.05787618858353,0.418951968170267
120,2.41174965209913,0.652669043266676,1.17326561172475,2.09281808856407,0.415058784698313
121,2.45060158678887,0.677286403821963,1.19513094812012,2.11715950004932,0.422871409513845
122,2.48182028633036,0.701198843173706,1.2135828995201,2.1396503112998,0.431542322499554
123,2.5071382494437,0.726072850571016,1.23176841936832,2.17127682461178,0.431011216593411
124,2.54213484968672,0.74557734878429,1.25369404928054,2.20292722426815,0.433659505509708
125,2.56899813975282,0.7711159518895,1.28404058693034,2.22511989996077,0.446562333878335
126,2.5931731517643,0.80390257028384,1.29620380796063,2.24974666471973,0.455771886624437
127,2.62438343378193,0.835790801612125,1.31503630042712,2.27084739876472,0.464733745061167
128,2.64960564388296,0.863885269270617,1.33518244151725,2.2929798100568,0.478020270742962
129,2.67234137238255,0.886481261740572,1.34917377668875,2.32196581348729,0.493554183642017
130,2.70134272837845,0.905043956148858,1.37242256973231,2.35281576000714,0.506409706792071
131,2.74758802961087,0.927512338497548,1.38674047279321,2.38263549263432,0.511352180816989
132,2.77170555957554,0.952888068897508,1.40245435049583,2.40914211647777,0.523485601376883
133,2.8108997635915,0.990180837564718,1.42128740317817,2.42614078343371,0.533349358996614
134,2.84716178997044,1.01532287625007,1.43752225181714,2.45028949062554,0.541139626748569
135,2.8816293777113,1.04433788423327,1.45968634963144,2.47904551756609,0.557537815387311
136,2.92153174687618,1.0660063888245,1.4795372592032,2.50446796627152,0.574302183236365
137,2.96890605170262,1.08481846048692,1.50718938390508,2.5266900528817,0.577674403082508
138,3.00058264812928,1.11192362724151,1.53389499994054,2.55291268377544,0.586348517089687
139,3.03182921553505,1.13823955472074,1.55488124018047,2.58610257137808,0.594615021597416
140,3.0552992904549,1.16469160973699,1.57674219757833,2.61453023121082,0.604350924548374
141,3.07484319532005,1.19733089816175,1.6100453799249,2.63495575415057,0.611704415501553
142,3.10075651818816,1.22338018848005,1.63521508695643,2.67102331850495,0.61953910822334
143,3.12048626614521,1.26505948240124,1.6552734200076,2.70534680284008,0.629642520135283
144,3.13643810840319,1.2835359377382,1.67812553221903,2.7381218533063,0.639329929274456
145,3.15230056687728,1.30117596854641,1.70290198680392,2.77340128407411,0.647368266874754
146,3.17926783391318,1.33640207921396,1.72803013751892,2.79973404560287,0.655515514162842
147,3.21472941122036,1.36719053562766,1.74866691864207,2.82039437174653,0.661126455351616
148,3.24761065773866,1.39907179306077,1.75817881314447,2.84442091818747,0.666257580280385
149,3.27695916874394,1.43485617028315,1.76911994203235,2.86672576811278,0.667437114886597
150,3.31205205450578,1.48389014208157,1.7853202995903,2.89165295301537,0.656752781630511
151,3.34770082739943,1.52551794838686,1.80009599728941,2.90644854250822,0.643831956121953
152,3.37234343714506,1.56706169131341,1.82153272792898,2.93344690316979,0.646681299325108
153,3.38168455994694,1.60200906179868,1.85072142586719,2.96743756310373,0.65327978663639
154,3.3921872793747,1.637386901736,1.8813509126481,2.98859400777125,0.666908423587588
155,3.42279146663155,1.67143501620924,1.90129469461562,3.00685317906627,0.676217252418496
156,3.44802608900995,1.7098701537641,1.91725946750917,3.02772640047331,0.694548681008155
157,3.46766644392056,1.76633138547072,1.93695191289473,3.04470630943514,0.71331476986708
158,3.48467228580609,1.82395113080025,1.94796501146184,3.0609737566644,0.733302518914467
159,3.49899183617805,1.88101625054471,1.9617619440732,3.07701691321135,0.761486047286808
160,3.50723642301862,1.91101054798065,1.97576222450133,3.08869922120266,0.783229677473204
161,3.52480260461386,1.94599873808634,1.99550777631763,3.09892037208573,0.794180634543497
162,3.53741726957756,1.98137891016532,2.0197741572092,3.11638609846528,0.806015146347335
163,3.55026884605415,2.01962047456671,2.04206602295043,3.13390388972697,0.825154984642912
164,3.57065792294687,2.04920416097166,2.05629244906352,3.15476193493257,0.83601586743831
165,3.58170379163498,2.07509917477621,2.07189240771117,3.17806010212678,0.851218056633205
166,3.60774279713858,2.10759497513319,2.08655944043023,3.20032183473157,0.860716896742889
167,3.62966377622063,2.16161454957216,2.1071294876367,3.22122961123677,0.865671246157265
168,3.64588929441503,2.2068513725532,2.11731834409059,3.23760265488616,0.873890913172657
169,3.6474034572012,2.2540433819156,2.13173507132937,3.24559516324346,0.889804681016244
170,3.6640811432556,2.30106529868182,2.14792075909595,3.25183375368547,0.904374888281145
171,3.68724534437544,2.35160523932739,2.1571619136113,3.25856904599969,0.914818205450867
172,3.69853363705272,2.399107222239,2.16868503891143,3.26843932148191,0.93590269555022
173,3.70777253606383,2.43642879650793,2.16884793458939,3.28592152979302,0.951372877516398
174,3.7273575569816,2.46986649927741,2.18797459230766,3.29567538218634,0.967536632011671
175,3.75855953333392,2.50739123920459,2.20432499929111,3.31625961112405,0.981778170869843
176,3.77709986759642,2.53940389068264,2.2181005847027,3.3418557004132,0.991379664369724
177,3.79423252004167,2.56697012703892,2.22947104376503,3.36832684902781,1.00277279942066
178,3.82106944401681,2.606991880484,2.2294333611622,3.39054359027244,1.00574086265275
179,3.83937802420544,2.65794387278819,2.2403752763111,3.40477404696644,1.01894891337586
180,3.85581336099296,2.70103309684196,2.25621398746988,3.43134149698531,1.02344770112163
181,3.8882456736338,2.72928691202764,2.2709035004868,3.44892764580326,1.02869010746024
182,3.91259447885755,2.76777915213104,2.29019682470271,3.46536851249365,1.03303620481502
183,3.92866985118425,2.80546500531583,2.31236404228522,3.47840011899414,1.02343192310289
184,3.92781206669178,2.86022294941235,2.34379803141842,3.49124284300914,1.02678986329181
185,3.93809327793553,2.91457724984618,2.35590420876298,3.51400970990181,1.04683213378877
186,3.94030333531333,2.96655745078399,2.36861141518776,3.53600674275056,1.05681239972904
187,3.9603991094902,3.02933513195277,2.37917728713985,3.55457307559397,1.06189930441142
188,3.97198198923627,3.07694380568919,2.39323189184389,3.5670761904016,1.06404188906429
189,3.98176795796866,3.12535576485212,2.41203708756291,3.57704490696751,1.07963231623699
190,4.00081039567433,3.16639567316409,2.42476234047923,3.57836376617999,1.10135936756114
191,4.01074366084038,3.23887593454841,2.43583332532773,3.58064971564972,1.12532102786901
192,4.02859343373268,3.29585342540035,2.44050983768661,3.58280520836913,1.13294143810531
193,4.05520727776338,3.32507245810421,2.45914275650521,3.58930739805184,1.14735734969297
194,4.07548032571766,3.33775834239639,2.46777370672358,3.59297001563447,1.16270790799844
195,4.08921765579596,3.37244125043431,2.48032308318538,3.5956982695453,1.17407927509783
196,4.10265550609517,3.42164097213111,2.49267001949537,3.59299544969555,1.1826402027004
197,4.11502552784294,3.46697158355555,2.50268091583903,3.59257339573757,1.19037416196603
198,4.13125718138175,3.5014575309607,2.51687084562186,3.60639971255908,1.20223474653539
199,4.15410807450967,3.53319903742756,2.53459121678264,3.61773555089653,1.2035021857365
200,4.17497563584654,3.56270501461552,2.55675967312899,3.63801459714524,1.20762039432249
201,4.18312122568515,3.58930302215067,2.57604570505795,3.65352205973555,1.2106784505471
202,4.20214643270749,3.61725676600018,2.58431554753235,3.67470196042655,1.20482279468633
203,4.23173036240933,3.65986346388584,2.58630309902835,3.69242366532207,1.1975905597073
204,4.24462219009009,3.68441957599437,2.59017046266177,3.70740189089866,1.20252822359035
205,4.26566524263364,3.71199458476195,2.60140519797273,3.72211148555373,1.20255840772496
206,4.28292363060539,3.77285890885511,2.60528813049438,3.73147101663783,1.20455467787782
207,4.29521417209961,3.8295448253467,2.59683353037368,3.73664159837303,1.2077614549834
208,4.3125172528719,3.86313069320252,2.6022009939593,3.74671663971178,1.20788577484269
209,4.33243760326847,3.89147472769312,2.61759922928078,3.76393080325974,1.19857642843901
210,4.35577256094966,3.93026183628528,2.63928871733557,3.78277991598913,1.19982321238148
211,4.36891817830466,3.97863115547534,2.63963065156555,3.79810109276881,1.20938453753264
212,4.36915950990143,4.02678843485244,2.65539521173226,3.80843084822839,1.21920413075601
213,4.3777359574771,4.07451871336952,2.66665215750072,3.81669235150238,1.22042340603257
214,4.39449001481352,4.10605104665743,2.67124514966431,3.82715340671256,1.22215712721095
215,4.4028292122953,4.14457530114088,2.67313838451848,3.83398477500972,1.23526268003556
216,4.41722263172917,4.1713442870431,2.67616307421812,3.84278424755932,1.23508956550905
217,4.4441308327252,4.20125380607668,2.68433162982689,3.86234940960619,1.24282803376498
218,4.46986498929232,4.24175647455389,2.7074859367578,3.87688798797191,1.2417453253652
219,4.49760016939964,4.28243320100896,2.73419543420825,3.88064520229967,1.24490257943636
220,4.52396899125961,4.3273601482412,2.75492212187044,3.8914581683016,1.23717819756238
221,4.53651181132334,4.34821655203184,2.78375094266606,3.89983306924452,1.23921457649889
222,4.54193292538152,4.37584297653211,2.81364236011829,3.90767293281724,1.23727025726842
223,4.54523526709538,4.40740885758984,2.84372699168579,3.91828798832887,1.24324028371183
224,4.54008031241578,4.43261701206962,2.85200998716918,3.91591453436799,1.25403634038261
225,4.54442214693361,4.46623760513307,2.85982608545338,3.91408396131943,1.27630916598398
226,4.54504749396364,4.49789861979755,2.87049553829618,3.92588467719804,1.28757648780335
227,4.54949730814436,4.52951246901299,2.88246190368,3.93080180915471,1.30484182071377
228,4.56290387012769,4.55003250547106,2.88210371821145,3.94126257832223,1.32830557804399
229,4.56760319345212,4.58624731857371,2.87745943695766,3.94543201227498,1.33941422903559
230,4.57640538024892,4.62822362347284,2.8765692960602,3.94160091193704,1.33208317363388
231,4.5917258366323,4.66352631617794,2.87101838900881,3.93775935797587,1.33396987238149
232,4.60900171331493,4.69669690434321,2.86538176291046,3.93664484166507,1.34260953282509
233,4.63195696756708,4.70915870877089,2.87034629297951,3.95157892058748,1.32672191691852
234,4.64300150168681,4.73162368394972,2.87977430527034,3.96395239391628,1.31579880635328
235,4.65762828252813,4.75226654293441,2.89424786985039,3.9754027606422,1.29311519510364
236,4.6659515558821,4.79115062589423,2.90977677829351,3.98093456904171,1.28608256847662
237,4.6910813737044,4.80864715120715,2.92519991774678,3.99624254797975,1.28263342983246
238,4.70718806291628,4.84801055774583,2.93075527544284,4.00950628774518,1.27983794773804
239,4.7150326540381,4.89509654605467,2.93717067429559,4.0011035325352,1.2732174241352
240,4.71713464252292,4.9209099102216,2.94331551924786,3.98576419798717,1.28243300990273
241,4.71983885797183,4.9530120770731,2.94803501124864,3.97186339047948,1.2785975399916
242,4.72210926975491,4.97185808548538,2.95979355108609,3.97085571462202,1.28774991940449
243,4.73857888475597,4.98935549675838,2.98473447114839,3.97039178746918,1.2878525655739
244,4.75155649305199,5.00089696108755,2.99741575748255,3.96329815042949,1.29725369788955
245,4.75365512697046,5.03665669946954,3.00362162879088,3.95449615960455,1.31531263545863
246,4.75307146291019,5.07018423286169,3.01302729825256,3.93824763442224,1.33875854943562
247,4.74057643423517,5.10894528632559,3.01139456172042,3.92076020124548,1.35505176758425
248,4.70878040884205,5.1385666561793,3.01394226434703,3.90541449298728,1.37504556935016
249,4.68693877794353,5.15685081350197,3.03519307949841,3.89663625342718,1.38840054009944
250,4.66636722137498,5.16933101437494,3.05227257637838,3.89045216929119,1.4085133096981
251,4.65435157212839,5.17905690523976,3.06785021535699,3.88712230187293,1.41486627034304
252,4.66265372596089,5.18217486541131,3.07800063455744,3.89260194245452,1.42877204096872
253,4.66492098356027,5.17146086053659,3.08389763999058,3.92651418463121,1.43341957298716
254,4.68287864431003,5.17126237687606,3.09899487311284,3.9508757105967,1.44263175863372
255,4.68702094781542,5.174572533566,3.1022294107428,3.97486807668298,1.44856697342802
256,4.6972013841763,5.18503343574067,3.09257935386855,3.99048194358807,1.45321664080282
257,4.70765781893313,5.20724394716306,3.08987661507578,4.00119728535284,1.43864799771042
258,4.71754129584913,5.23283457219538,3.07444181767823,3.99889866641671,1.43254263744873
259,4.72862945572826,5.25424129042424,3.06959073305815,4.01447916168805,1.429612871513
260,4.74010454812618,5.28832787317495,3.05862049527414,3.9995148865217,1.4135938837265
261,4.76025066980074,5.30890614938367,3.05247141607127,3.99206729352797,1.40871383392219
262,4.76754941461921,5.3219008082387,3.06017145242615,3.98599188298765,1.4112614799047
263,4.77698568979211,5.34008260828677,3.04959329817089,3.97693505574697,1.41529106570908
264,4.77103741258456,5.35138827032535,3.07037941062343,3.97265206236943,1.42024439256777
265,4.76558510133102,5.37508809250742,3.07608350551874,3.97827490015886,1.43080236618978
266,4.75761919453991,5.38830896055743,3.07990878161258,3.98611749170815,1.43574900875834
267,4.75493241868221,5.40301120169644,3.09776593689045,3.98620253544126,1.43899649428958
268,4.76030627143412,5.42099681450228,3.11154869869433,3.98451687276636,1.4396941941911
269,4.76956891982686,5.43588162716027,3.11910699455697,3.99029425790107,1.42723574726065
270,4.77617350286018,5.45500988175169,3.11735853823555,3.98910418960392,1.41864969496036
271,4.77901393076945,5.47248376577916,3.11890522062515,3.98084075401328,1.4128267832835
272,4.78618256400084,5.48344817526443,3.11600778365998,3.97524634086014,1.41006044633221
273,4.80259657964699,5.50107245107229,3.10831537217299,3.96329519073726,1.395923942841
274,4.81161108025932,5.5049922280197,3.10640796681445,3.95785937178197,1.38805725477156
275,4.80956620159402,5.51125983666563,3.11095875700265,3.96060370944363,1.3876884077646
276,4.80396033216228,5.51729458766121,3.10510072687939,3.96245553147442,1.39179961282266
277,4.81360731793434,5.52766596176217,3.10157653132295,3.95744935276919,1.38131446291718
278,4.80770959075465,5.5337467170935,3.10680512345389,3.95087401200745,1.37547777233752
279,4.80801771044317,5.53465262388476,3.1212840993545,3.95262909837197,1.37217759323966
280,4.81967007748607,5.54493755993411,3.13231950144798,3.94872484607109,1.37442433841364
281,4.82685955216058,5.56836580920536,3.14068965167696,3.9446287219712,1.36830918045644
282,4.84059615974286,5.58216843305013,3.13345396089281,3.93525629221451,1.36327173215847
283,4.84012924355112,5.59338802824122,3.13695896363321,3.92935999269109,1.35662624858919
284,4.85559876661476,5.6162858753521,3.12086503204835,3.91459780629769,1.33776405315764
285,4.86297304351304,5.63083286908653,3.11423934141328,3.9218036161671,1.32378193170235
286,4.86402720907154,5.63532466607148,3.12028666745168,3.91592099329045,1.32437758064422
287,4.86113600424968,5.64122840458016,3.1312769364539,3.90445790101457,1.32138555687811
288,4.85918766917233,5.65937552101059,3.13108176961571,3.89373168580506,1.31494185063156
289,4.85453827205773,5.67152671849551,3.12547294984795,3.88581514370347,1.30643348448353
290,4.85576552482929,5.67842794968299,3.12166619096743,3.87760534230348,1.29727860092265
291,4.85687859162048,5.69618619404378,3.11671521624639,3.87299759659593,1.28374266190514
292,4.85203680016808,5.69553548759217,3.10907984924792,3.87007866192065,1.2752301554829
293,4.84749671023954,5.68873810508855,3.11422615093286,3.86313563358214,1.27189986450981
294,4.84314324267093,5.67999707761875,3.12342846105743,3.85319879567396,1.27312727256712
295,4.84325513143938,5.67513435358476,3.12164488630327,3.84889693121626,1.24839523310333
296,4.84265544950324,5.67667726318744,3.13008741779186,3.82984970130019,1.24343234068782
297,4.84417885005048,5.67886150408404,3.14575403844885,3.8172941080081,1.23833710770261
298,4.84826682514252,5.67052410435993,3.14023151099116,3.81462060286328,1.23436863740776
299,4.84228806150799,5.65898422486661,3.13223740542418,3.80012060351239,1.23926249574761
300,4.83180027825228,5.64448536130136,3.13886599936759,3.78622005677585,1.23618339147935
301,4.8338974288584,5.62825204089344,3.13594301962805,3.77524003512095,1.22868568349911
302,4.82239670785737,5.63361066031965,3.12937011260421,3.75402588837797,1.22894838654663
303,4.81946574883023,5.63918939306162,3.11148402125446,3.74030654883339,1.22599685066731
304,4.83037021101735,5.64050869419495,3.10876442501258,3.72282639900618,1.22388147759242
305,4.84050817861317,5.63758787411411,3.09425994120522,3.69835023701085,1.22094223346837
306,4.83673140763723,5.63316793668575,3.07999465087265,3.69089742820617,1.22691998059814
307,4.82927935238887,5.62780983087246,3.06496808931655,3.67981850746474,1.23785315378086
308,4.82081950456218,5.61229795268877,3.05552637231164,3.67297128284389,1.24218675418171
309,4.81065477654591,5.60326817511096,3.03715391577998,3.66606675012263,1.24422636879342
310,4.80093084604232,5.59124836729372,3.02654148554339,3.6627353445333,1.23307228011664
311,4.78727994043818,5.57466863370257,3.01164546289915,3.65132563803524,1.22783198221894
312,4.76561178891968,5.56345102381107,3.0007423215292,3.63675451935616,1.2362048187956
313,4.73692061076312,5.55412407442806,2.98939618243682,3.62625030227995,1.24472093250378
314,4.71292370456861,5.53923286392384,2.97674995740629,3.62400129987061,1.2420747782306
315,4.6993082322773,5.51411634530861,2.96301352544183,3.62335944771586,1.24244807855048
316,4.69312191068711,5.49149503431114,2.947779231107,3.61663079239217,1.24185007162019
317,4.68771345510279,5.47002479802231,2.93896106303323,3.61408603845083,1.2379049723076
318,4.68084939549558,5.44030418367006,2.91947027705499,3.60583268383086,1.22743551898178
319,4.66414661836034,5.41902728375559,2.9139625264855,3.60606116396507,1.21067748699312
320,4.65965307087025,5.39127054213306,2.88837395485739,3.60680961062923,1.1968357552159
321,4.66140451105147,5.37322831250061,2.86325368543507,3.60216627947607,1.18874877312497
322,4.65236968142232,5.3588734941353,2.83528364903967,3.60039342221263,1.18960556171944
323,4.6376570427065,5.33976453384561,2.79657968338765,3.59435179635698,1.18634594076202
324,4.62997625098174,5.32535814504788,2.77409645769886,3.58860672103701,1.18197241335212
325,4.61613293322639,5.3132155985368,2.74679255227418,3.57587189802335,1.17039619999806
326,4.60707621319422,5.3006558804733,2.71964059135313,3.56538204571566,1.15777636373423
327,4.59933523959817,5.27424938899256,2.70423723175426,3.55769879480631,1.14999122861335
328,4.59399618927795,5.25450981424272,2.67728108144047,3.54290466087534,1.14309318816348
329,4.58706311009625,5.24205848202912,2.64218558665965,3.53286719369047,1.12792412034798
330,4.57404951942701,5.2206958320348,2.60886318478909,3.52909770343849,1.11130861942821
331,4.56750519479853,5.19340260737474,2.57612186116646,3.53166747215445,1.09590045415283
332,4.56595597486187,5.15754691763837,2.56102622064206,3.51991724474056,1.07213560629356
333,4.54949227343477,5.12788442526021,2.52966088825872,3.51603009174873,1.05726097029752
334,4.54165283153961,5.10294646252005,2.50376051791767,3.50491523128088,1.04500305915349
335,4.53139417966002,5.0749176436396,2.46813700280515,3.4864266852876,1.03405538607817
336,4.52464899532384,5.04145367416738,2.42781305375435,3.46644186510773,1.03034612152901
337,4.50777143558804,5.00542695177869,2.40330035446494,3.4556394282708,1.02294891425042
338,4.48944533791775,4.96131488849321,2.35939061650358,3.44768361805661,1.00954730844056
339,4.46501860870423,4.92210714250135,2.29809952432556,3.43343412883577,0.99508719310364
340,4.44692627671027,4.86537414915052,2.25119610520624,3.42592860304962,0.987057583942136
341,4.41498770674341,4.8175551148562,2.20998648451131,3.41607992795237,0.97917931099549
342,4.38652424105603,4.77749646262824,2.16576383071251,3.39708742426312,0.971695308810644
343,4.35355995633582,4.72486151864797,2.11949008032588,3.37877013380675,0.958090887883541
344,4.32666418466787,4.68135444483736,2.07517570394557,3.36756348976944,0.948569844132673
345,4.29307091707943,4.63111294249285,2.02383731549044,3.35499226078506,0.944377257446298
346,4.25398416991221,4.58246118184509,1.98528428084421,3.33509135970442,0.938733013870505
347,4.21884775939047,4.5217847056667,1.94403194640531,3.32307183803898,0.933157596969082
348,4.17405904841956,4.46046805413606,1.90403166331064,3.30851014408378,0.926885374344036
349,4.1308855474865,4.38090797932157,1.86641567045253,3.29570508890074,0.918657623191552
350,4.09070309373808,4.30533047507731,1.82485781981273,3.27661863013662,0.912282387352862
351,4.04892440490015,4.23957418640457,1.77239073935564,3.26611576586139,0.904402293360557
352,4.0075956133815,4.17465857877334,1.73071659564659,3.24674605821627,0.897848477452853
353,3.95834734551326,4.1073201699947,1.6912680128717,3.23469377357038,0.887281943461688
354,3.90653370995411,4.02462567853393,1.65119933175538,3.2231825760437,0.870904570595198
355,3.86033593407684,3.93887018340121,1.62017264185995,3.20697999037188,0.863910413701857
356,3.82719489681069,3.85311425344178,1.56437742962468,3.20659388467027,0.8552941863349
357,3.77634482218009,3.75701326416772,1.52183860996594,3.18777213902597,0.841381326248493
358,3.72663523916634,3.64042732569485,1.49698547594157,3.16785909316195,0.823732067505845
359,3.68765829642538,3.54047581265596,1.46736372900727,3.15190010775122,0.805897454513086
360,3.6435229267711,3.44783468666984,1.43434038813549,3.13583180849402,0.78486443998835
361,3.59057545420272,3.33525268312364,1.41203177896942,3.1192987339998,0.767699800645579
362,3.550181121129,3.21799913900393,1.39167717722603,3.10529713764216,0.758571008175329
363,3.4992500560814,3.10177597662091,1.36261700289375,3.09465110655076,0.741968845206099
364,3.4494342555435,2.97690642421534,1.33671837804013,3.06770309717103,0.726962346794689
365,3.39965173409683,2.85014552230644,1.31184498926237,3.05024252293281,0.712816532519175
